Model Variant,Accuracy,Loss,Recall,Stability
Lambda Fixed,91.75,0.9434275031089783,91.75,90.56572496891022
Lambda Learned,91.75,0.9434275031089783,91.75,90.56572496891022
Rank-1 Penalty,91.75,0.9434275031089783,91.75,90.56572496891022
Rank-4 Penalty,100.0,0.000838421459775418,100.0,99.99161578540225
No Stabilization,91.75,0.9434275031089783,91.75,90.56572496891022
With Stabilization,91.75,0.9434275031089783,91.75,90.56572496891022
No Symbolic,53.5,1.0,53.5,90.0
With Symbolic,73.5,0.8,73.5,92.0
