{
    "training_loss": [
        4.894285678863525,
        4.701621055603027,
        4.740232467651367,
        4.659377574920654,
        4.660092353820801,
        4.721246242523193,
        4.661230564117432,
        4.640710830688477,
        4.643998622894287,
        4.703457832336426
    ],
    "validation_loss": [],
    "accuracy": [
        0.0075
    ],
    "S_norm": [
        0.9505140781402588,
        0.9980282187461853,
        1.3616544008255005,
        1.2806624174118042,
        2.1200485229492188,
        1.6774758100509644,
        0.913611650466919,
        1.2888387441635132,
        1.2878409624099731,
        1.7610085010528564
    ],
    "cond_A": [
        2.4400097884997525,
        2.516748838351562,
        2.2271418058784707,
        2.313189476365065,
        2.8121876960774177,
        2.4242380288716388,
        2.4436708439311667,
        2.8013306109028404,
        2.487690025211526,
        2.468442493635482
    ],
    "lambda_mean": [
        0.7396631836891174,
        0.7359573245048523,
        0.7394447922706604,
        0.7500746250152588,
        0.7323037981987,
        0.7402796149253845,
        0.7345783114433289,
        0.7191004157066345,
        0.7231342196464539,
        0.7256897687911987
    ],
    "u_norm": [
        2.7389187812805176,
        2.6873769760131836,
        2.5855774879455566,
        2.62337327003479,
        2.9016168117523193,
        2.7125608921051025,
        2.702725887298584,
        2.8079464435577393,
        2.8266007900238037,
        2.7736728191375732
    ],
    "alpha_norm": [
        0.2733389139175415,
        0.3543471395969391,
        0.3230854868888855,
        0.36295291781425476,
        0.4819619059562683,
        0.42697247862815857,
        0.355364054441452,
        0.4767204523086548,
        0.4704592525959015,
        0.5303113460540771
    ]
}