{
    "final_loss": 0.9485476016998291,
    "norm_A_t": 5.581190586090088,
    "norm_S_t": 1.7614206075668335,
    "grad_norm": 0.12902027888321613
}