{
    "final_loss": 0.9540719389915466,
    "norm_A_t": 5.648736476898193,
    "norm_S_t": 0.9176532626152039,
    "grad_norm": 0.11061581882417802
}