{
    "training_loss": [
        4.747000217437744,
        4.756674289703369
    ],
    "validation_loss": [],
    "accuracy": [
        0.005
    ],
    "S_norm": [
        5.20399808883667,
        4.757185459136963
    ],
    "cond_A": [
        20.149515680557812,
        21.776613732408904
    ],
    "lambda_mean": [
        0.7204155325889587,
        0.775425910949707
    ],
    "u_norm": [
        5.203200817108154,
        5.483316898345947
    ],
    "alpha_norm": [
        2.0488710403442383,
        1.6513768434524536
    ]
}