{"0.0": [0.41581183666083743, 0.5129894243937512, 0.46561617060824223, 0.32346550077479963, 0.5830690925009366, 0.4525683110576263, 0.3767607744239554, 0.3796464356530628, 0.6208279955412049, 0.3092852305052737, 0.3718787565866259, 0.4454929773504108, 0.2888226188208911, 0.417101595178219, 0.5453749262331777, 0.5277965610735996, 0.48866443494634615, 0.42770524825247597, 0.5024615008668556, 0.3620659592954088, 0.3911672765715844, 0.46993196114834695, 0.40144927645649275, 0.5608029748514136, 0.3269604156571845, 0.5330237365403215, 0.46978828803080586, 0.3212178143869051, 0.49720872085140405, 0.5309256804989575, 0.4225297580443588, 0.5707721744830329, 0.5887539403984584, 0.48704959800501935, 0.44090784603343847, 0.46321332800416787, 0.5571199556124629, 0.24324780706803678, 0.5012663917766943, 0.5539709804032038, 0.43293310912172134, 0.4069814888183819, 0.5075424932052769, 0.23416275301202122, 0.41366871025110935, 0.4138863933187466, 0.428908108389336, 0.3402091162320423, 0.34538246442670667, 0.34257073461354787, 0.46689626054994, 0.3469745199048467, 0.6303744139766676, 0.3555632768867661, 0.6203822177447822, 0.43886851889067685, 0.38651007771738605, 0.4559352984498758, 0.4088112990224429, 0.5989173165065425, 0.4126468595519064, 0.3318260507320884, 0.5066174318831362, 0.4031863386911568, 0.3632076810629401, 0.34826299869838045, 0.411533806581318, 0.4501709387618539, 0.439306169446519, 0.5294236869742275, 0.368712592415418, 0.2438481690026988, 0.5813051750090149, 0.5445541549572731, 0.4835134715846473, 0.37724806227851915, 0.6485567228174186, 0.483591900091474, 0.5507372052791136, 0.6247590899602942, 0.42454754232603853, 0.363109170954488, 0.4370549446054506, 0.45722163641376845, 0.739993951319084, 0.42661231596345084, 0.6516499430525949, 0.6273036908264243, 0.25751752224087193, 0.31594557375938503, 0.3625175554744479, 0.5501270636999047, 0.2775400965716713, 0.46645717632324096, 0.30260164442669885, 0.33136814396452674, 0.4768518300294422, 0.3799003057927502, 0.5695863214528697, 0.5322697790115594], "0.05": [0.4736268039024635, 0.6024222714148286, 0.548892124927638, 0.4029158327860962, 0.6464576711316747, 0.5079125998247456, 0.5048839902677904, 0.4697403779689933, 0.6952450929089589, 0.40412640638206376, 0.47836982748596035, 0.5027442191825371, 0.4057343603435358, 0.48096047194173663, 0.6265302988922616, 0.6181097604914211, 0.5334882197175251, 0.5177488278743831, 0.53713006471461, 0.41700923308398224, 0.47068546454081245, 0.5117747100663882, 0.46658073796512983, 0.6121589449134904, 0.3972483902498809, 0.6003286095422264, 0.5481927162837411, 0.3538606641392832, 0.5491474489547126, 0.6703878907360963, 0.5426878502353409, 0.6446879262999284, 0.6485918996895177, 0.5578455679015798, 0.48420721381998083, 0.5475348641417161, 0.5966024609532923, 0.32824781582155416, 0.5615950771367064, 0.6552686559938805, 0.494405649720487, 0.45119974805189, 0.569288272448695, 0.26443014602808257, 0.4800423150131127, 0.4891100419883324, 0.4867460555204977, 0.4176912265961049, 0.4515162491359605, 0.3724502940082458, 0.522975877290335, 0.40561152351341706, 0.6383023235059669, 0.4401965429279963, 0.6716830841602596, 0.4966796819239486, 0.4739032248454132, 0.5179049058318239, 0.5092120131980649, 0.6211406172738783, 0.4886640856266287, 0.4404629913491627, 0.6033656267515644, 0.48688834280879173, 0.4526250124423308, 0.4105500953294788, 0.48968299183710284, 0.5735565524126167, 0.5019698120432124, 0.57616152921517, 0.3945332803040851, 0.34175041440915993, 0.6486210327428222, 0.6179273573033656, 0.4955536540810045, 0.4353442859672265, 0.6892824754173656, 0.5106295576114104, 0.5769948350719756, 0.5460342155696001, 0.4333140727246566, 0.5217431919481919, 0.4806241553114891, 0.3897864352402519, 0.6235907545568105, 0.4829085589925122, 0.6896739702990544, 0.5814228051171996, 0.3539509997135455, 0.3663306809996317, 0.42899554830617376, 0.6439634633459267, 0.45497415252998513, 0.5314337029385845, 0.4566439420556266, 0.40589040276791255, 0.5520794819921859, 0.31546523511357516, 0.4682594591917565, 0.5953812097168074], "0.1": [0.5308261663070472, 0.6661362539889764, 0.5937347235730634, 0.4430196182008137, 0.6849946219830471, 0.5324987280035772, 0.591862814493791, 0.5108129484244918, 0.7217290084807397, 0.4867199995752555, 0.5346879343911803, 0.5487366654288681, 0.49034996741580145, 0.5300936144888638, 0.6757166832276902, 0.6529257480863397, 0.5653219969956258, 0.5916376390239949, 0.5725646859480322, 0.4722536756896125, 0.5319965771884355, 0.5466476166070559, 0.510997603216575, 0.6464090581351781, 0.4421578937169139, 0.6398733357749816, 0.5950898663506381, 0.39433056934477717, 0.5864031432168072, 0.7348816909744031, 0.6102423321216338, 0.6856447983529798, 0.6783810997571776, 0.6035045929522836, 0.5116582465130556, 0.6235208208779621, 0.6388261380737619, 0.3882712256866414, 0.6013035343152868, 0.700073912912597, 0.5406872067889437, 0.503930706242009, 0.6189069728525896, 0.31050748754562996, 0.5132254213418503, 0.539660033500626, 0.5315631129009076, 0.4700636595017167, 0.5470059943579577, 0.4126583239377813, 0.5578369393449706, 0.4659420641047497, 0.6540501350613226, 0.5058340882653386, 0.6889395587228402, 0.552884366502021, 0.54984344495888, 0.5484051267325096, 0.5772450059581057, 0.6456674452285037, 0.5573625696897612, 0.5523242733787262, 0.6612902035164462, 0.5522183926825669, 0.5379430148879765, 0.4691215079443213, 0.5647589761771992, 0.6573193629253378, 0.5366973370332626, 0.6237624776159298, 0.4365255869493874, 0.42383920235785455, 0.6869715954144245, 0.6443031436591942, 0.5214587413856957, 0.47978474024927076, 0.7134321864119576, 0.548801057192261, 0.573923306224227, 0.5159257070702327, 0.4756613128816928, 0.47502041599046424, 0.5007410930895864, 0.4049079250766707, 0.7039973991050393, 0.42715889322613615, 0.7561677745974125, 0.6723580167405875, 0.3835261546014963, 0.3429181798957386, 0.5057346304369378, 0.5538263278092121, 0.46737789354228565, 0.5265771980996935, 0.4359393639265553, 0.3312800203484451, 0.6224002089642973, 0.28089302243974024, 0.5431640349620853, 0.6130307497861414],