Epoch,Loss_A,Loss_B,ValAcc_A,ValAcc_B
0,2.8767403193882535,2.6796959808894565,0.6,0.6
1,1.553367989403861,1.4537334953035628,0.6,0.6
2,1.0467832939965385,1.0693137305123466,0.6,0.6
