{
    "training_loss": [
        4.8879876136779785,
        4.698875904083252,
        4.748215675354004,
        4.653572082519531,
        4.664371013641357,
        4.707716464996338,
        4.6525492668151855,
        4.646918773651123,
        4.646855354309082,
        4.701704978942871
    ],
    "validation_loss": [],
    "accuracy": [
        0.0075
    ],
    "S_norm": [
        2.3337690830230713,
        2.601276397705078,
        2.892350196838379,
        3.17911696434021,
        4.312446117401123,
        3.6490676403045654,
        2.167309045791626,
        2.881612777709961,
        3.194565534591675,
        3.7458863258361816
    ],
    "cond_A": [
        145.00169457170603,
        156.1835143475721,
        121.16121833787294,
        132.90713740412733,
        179.0057672741259,
        143.75626431390256,
        142.88829988993766,
        185.69853549252758,
        142.71353537130452,
        155.57994286891355
    ],
    "lambda_mean": [
        0.7396631836891174,
        0.7363666892051697,
        0.7396178841590881,
        0.7491424679756165,
        0.7309759259223938,
        0.7395360469818115,
        0.7331238389015198,
        0.7182471752166748,
        0.7218450903892517,
        0.7227309346199036
    ],
    "u_norm": [
        2.7389187812805176,
        2.6970162391662598,
        2.5881853103637695,
        2.646186351776123,
        2.9273743629455566,
        2.7347795963287354,
        2.7297232151031494,
        2.846707344055176,
        2.8167123794555664,
        2.783134937286377
    ],
    "alpha_norm": [
        0.7770782113075256,
        1.0242457389831543,
        0.811099648475647,
        1.0280827283859253,
        1.2192473411560059,
        1.0807687044143677,
        0.9941505789756775,
        1.147461175918579,
        1.079472303390503,
        1.156091570854187
    ]
}