{
    "training_loss": [
        4.890363693237305,
        4.6990227699279785
    ],
    "validation_loss": [],
    "accuracy": [
        0.0175
    ],
    "S_norm": [
        2.0142173767089844,
        2.1906416416168213
    ],
    "cond_A": [
        15.400098481956984,
        16.460342019947436
    ],
    "lambda_mean": [
        1.0,
        1.0
    ],
    "u_norm": [
        2.7389187812805176,
        2.696359395980835
    ],
    "alpha_norm": [
        0.6381725668907166,
        0.8364734649658203
    ]
}