{
    "training_loss": [
        4.890363693237305,
        4.6990227699279785,
        4.7467546463012695,
        4.654472827911377,
        4.663827419281006,
        4.712243556976318,
        4.653633117675781,
        4.642702102661133,
        4.643325328826904,
        4.702737808227539
    ],
    "validation_loss": [],
    "accuracy": [
        0.0075
    ],
    "S_norm": [
        2.0142173767089844,
        2.1906416416168213,
        2.597930669784546,
        2.7767534255981445,
        3.9116287231445312,
        3.2944884300231934,
        1.903960108757019,
        2.5602762699127197,
        2.812335252761841,
        3.3388211727142334
    ],
    "cond_A": [
        15.400098481956984,
        16.460342019947436,
        13.046459981739131,
        14.181403023983703,
        18.910229874113256,
        15.365513661934608,
        15.17523937697012,
        19.39973233160558,
        15.256607937411347,
        16.277051761439903
    ],
    "lambda_mean": [
        0.7396631836891174,
        0.7360851168632507,
        0.7393255829811096,
        0.7493140697479248,
        0.7310405373573303,
        0.739397406578064,
        0.7331804037094116,
        0.7184240818023682,
        0.7220465540885925,
        0.7233845591545105
    ],
    "u_norm": [
        2.7389187812805176,
        2.696359395980835,
        2.588456630706787,
        2.6407394409179688,
        2.92327880859375,
        2.725304365158081,
        2.721198081970215,
        2.836336612701416,
        2.811908721923828,
        2.7778382301330566
    ],
    "alpha_norm": [
        0.6381725668907166,
        0.8364734649658203,
        0.6957865357398987,
        0.8556399941444397,
        1.01639723777771,
        0.9103552103042603,
        0.8284082412719727,
        1.000150203704834,
        0.9605146050453186,
        1.0389212369918823
    ]
}