epoch,train_loss,train_acc,test_acc,epoch_time_sec
1,3.47430220246315,0.029296875,0.03515625,848.7520575523376
