epoch,train_loss,train_acc,test_acc,epoch_time_sec
1,3.4915410429239273,0.03125,0.03125,1788.891752243042
2,3.4666744731366634,0.029296875,0.02734375,1266.9128227233887
