epoch,train_loss,train_acc,test_acc,epoch_time_sec
1,3.47430220246315,0.029296875,0.03515625,848.7520575523376
2,3.4645154289901257,0.021484375,0.04296875,950.5041060447693
