{
    "training_loss": [
        4.890363693237305,
        4.6990227699279785,
        4.7467546463012695,
        4.654472827911377,
        4.663827419281006
    ],
    "validation_loss": [],
    "accuracy": [
        0.01
    ],
    "S_norm": [
        2.0142173767089844,
        2.1906416416168213,
        2.597930669784546,
        2.7767534255981445,
        3.9116287231445312
    ],
    "cond_A": [
        15.400098481956984,
        16.460342019947436,
        13.046459981739131,
        14.181403023983703,
        18.910229874113256
    ],
    "lambda_mean": [
        0.7396631836891174,
        0.7360851168632507,
        0.7393255829811096,
        0.7493140697479248,
        0.7310405373573303
    ],
    "u_norm": [
        2.7389187812805176,
        2.696359395980835,
        2.588456630706787,
        2.6407394409179688,
        2.92327880859375
    ],
    "alpha_norm": [
        0.6381725668907166,
        0.8364734649658203,
        0.6957865357398987,
        0.8556399941444397,
        1.01639723777771
    ]
}