{
    "training_loss": [
        4.729307651519775,
        4.612556457519531
    ],
    "validation_loss": [],
    "accuracy": [
        0.0175
    ],
    "S_norm": [
        2.237842321395874,
        2.7612998485565186
    ],
    "cond_A": [
        20.351530134796405,
        23.071361366254635
    ],
    "lambda_mean": [
        0.7676772475242615,
        0.7415163516998291
    ],
    "u_norm": [
        3.851116180419922,
        4.0234694480896
    ],
    "alpha_norm": [
        0.8252086639404297,
        1.1240503787994385
    ]
}