model,seq_len,accuracy
softmax,256,0.007853139459621161
softmax,512,0.007779227626160718
softmax,1024,0.0076854187250137325
linear,256,0.00701233227737248
linear,512,0.008108037747442723
linear,1024,0.008186175446026027
deltanet,256,0.008206278365105391
deltanet,512,0.0074660753179341555
deltanet,1024,0.007907416634261609
vla,256,0.017040359638631344
vla,512,0.01565501097589731
vla,1024,0.014067860543727875
