{
    "cos_sim_A_T": 0.9999999403953552,
    "diff_norm_A_T": 8.728697480364644e-07
}